Nom de domaine,Registrar,Date expiration,Prix renouvellement,Notes
tagparamedic.com,Hostinger,2026-04-03,120,EXPIRE - renouvellement urgent
timlalinloisirsdunes.com,Hostinger,2026-05-16,120,EXPIRE - renouvellement urgent
marrakechambulance.com,Hostinger,2026-05-20,120,EXPIRE - renouvellement urgent
restaurantdospassos.site,Hostinger,2026-05-25,120,
cabinetdentaireothmaneazri.site,Hostinger,2026-05-25,120,
moustafa-ahoyat.site,Hostinger,2026-05-26,120,
binicmotorent.site,Hostinger,2026-05-29,120,
academiesanslimites.com,Hostinger,2026-06-08,120,
lux-solar.fr,Hostinger,2026-06-21,120,
entretienpiscinemarrakech.site,Hostinger,2026-07-04,120,
feztravelguide.shop,Hostinger,2026-07-04,120,
taxi-vsl-tls.com,Hostinger,2026-07-04,120,
traumatologue-orthopediste-kenitra-rabat.com,Hostinger,2026-07-11,120,
luxuryfurniture.site,Hostinger,2026-07-13,120,
traumatologue-orthopédiste-oran.com,Hostinger,2026-07-31,120,
taxisavignyletemple.fr,Hostinger,2026-08-03,120,
voituri.com,Hostinger,2026-08-06,120,
totoloc.com,Hostinger,2026-08-19,120,
rayontours.com,Hostinger,2026-08-26,120,
menarahygiène.site,Hostinger,2026-09-09,120,
beehive-assemblies.com,Hostinger,2026-09-17,120,
gynécologueoujda.com,Hostinger,2026-09-21,120,
taxi-vsl-occitania.fr,Hostinger,2026-09-29,120,
taxi-vtc-proxi.com,Hostinger,2026-10-01,120,
gastro-entérologie.com,Hostinger,2026-10-03,120,
moroccobreezes.com,Hostinger,2026-10-09,120,
mustaphahouiyette.site,Hostinger,2026-10-16,120,
fedior.fr,Hostinger,2026-11-12,120,
fdx-habitat.fr,Hostinger,2026-11-27,120,
tajhijab.shop,Hostinger,2026-12-15,120,
gofroidservices.fr,Hostinger,2027-01-02,120,
caferestaurantssafsaf.com,Hostinger,2027-01-05,120,
cliniqueachifaaoujda.com,Hostinger,2027-01-06,120,
institutnouri.com,Hostinger,2027-01-06,120,
dreamarttableaux.shop,Hostinger,2027-01-08,120,
locationdevoitureoujda.com,Hostinger,2027-01-10,120,
interventi-urgenti.com,Hostinger,2027-01-16,120,
creation-site-oujda.com,Hostinger,2027-01-24,120,
myeuromed.com,Hostinger,2027-01-29,120,
onmedia.tech,Hostinger,2027-02-05,120,
oulacomptaconsulting.com,Hostinger,2027-02-27,120,
zysstrans.com,Hostinger,2027-02-28,120,
stopinsectes.site,Hostinger,2027-03-07,120,
locationappartkesh.online,Hostinger,2027-03-07,120,
voicescript.online,Hostinger,2027-03-22,120,
lepetitderatiseur.space,Hostinger,2027-03-23,120,
next198172.space,Hostinger,2027-03-30,120,
fdx-renovation.fr,Hostinger,2027-04-08,120,
taxi-tls.fr,Hostinger,2027-04-29,120,
orientdc.com,Hostinger,2027-05-08,120,
taxi-savigny-le-temple.fr,Hostinger,2027-05-13,120,
livreuragadir24.com,Hostinger,2027-05-14,120,
drlamyadiouri.com,Hostinger,2027-05-19,120,
erabioenergy.com,Hostinger,2027-05-28,120,
sdsnordmaroc.com,Hostinger,2027-05-29,120,
nextgital.fr,Hostinger,2027-06-14,120,
